model_name,batch_size,input_shape,execution_time_ms,total_parameters,trainable_parameters,model_size_mb,device
vgg16,1,"(3, 224, 224)",78.20580005645752,138357544,138357544,527.7921447753906,cpu
vgg16,2,"(3, 224, 224)",138.95549774169922,138357544,138357544,527.7921447753906,cpu
vgg16,4,"(3, 224, 224)",266.5955781936645,138357544,138357544,527.7921447753906,cpu
