model_name,batch_size,input_shape,execution_time_ms,total_parameters,trainable_parameters,model_size_mb,device
regnet_y_400mf,1,"(3, 224, 224)",33.20002555847168,4344144,4344144,16.675575256347656,cpu
regnet_y_400mf,2,"(3, 224, 224)",40.89987277984619,4344144,4344144,16.675575256347656,cpu
regnet_y_400mf,4,"(3, 224, 224)",50.798845291137695,4344144,4344144,16.675575256347656,cpu
